{"cameraMode":{"drawMode":0,"name":"Shaded","section":"Shading Mode"},"sceneLighting":true,"audioPlay":false,"sceneViewState":{"m_AlwaysRefresh":false,"showFog":true,"showSkybox":true,"showFlares":true,"showImageEffects":true,"showParticleSystems":true,"showVisualEffectGraphs":true,"m_FxEnabled":true},"in2DMode":false,"pivot":{"x":-3.1538875102996828,"y":0.5520769357681274,"z":-2.2405314445495607},"rotation":{"x":0.35686036944389346,"y":-0.11449231207370758,"z":0.044117603451013568,"w":0.9260776042938232},"size":1.3424170017242432,"orthographic":false}