{"cameraMode":{"drawMode":0,"name":"Shaded","section":"Shading Mode"},"sceneLighting":true,"audioPlay":false,"sceneViewState":{"m_AlwaysRefresh":false,"showFog":true,"showSkybox":true,"showFlares":true,"showImageEffects":true,"showParticleSystems":true,"showVisualEffectGraphs":true,"m_FxEnabled":true},"in2DMode":false,"pivot":{"x":0.2837272882461548,"y":0.05629849433898926,"z":-0.30181926488876345},"rotation":{"x":0.04839398339390755,"y":0.9452834129333496,"z":-0.27726298570632937,"w":0.16499128937721253},"size":2.733934164047241,"orthographic":false}