{"cameraMode":{"drawMode":0,"name":"Shaded","section":"Shading Mode"},"sceneLighting":true,"audioPlay":false,"sceneViewState":{"m_AlwaysRefresh":false,"showFog":true,"showSkybox":true,"showFlares":true,"showImageEffects":true,"showParticleSystems":true,"showVisualEffectGraphs":true,"m_FxEnabled":true},"in2DMode":false,"pivot":{"x":-2.7559046745300295,"y":2.542574882507324,"z":1.0246798992156983},"rotation":{"x":-0.3954996168613434,"y":-0.13459308445453645,"z":0.05866696313023567,"w":-0.9067006707191467},"size":0.5053640604019165,"orthographic":false}