{"cameraMode":{"drawMode":0,"name":"Shaded","section":"Shading Mode"},"sceneLighting":true,"audioPlay":false,"sceneViewState":{"m_AlwaysRefresh":false,"showFog":true,"showSkybox":true,"showFlares":true,"showImageEffects":true,"showParticleSystems":true,"showVisualEffectGraphs":true,"m_FxEnabled":true},"in2DMode":false,"pivot":{"x":-1.8239741325378419,"y":2.899001121520996,"z":0.3903825283050537},"rotation":{"x":0.012882574461400509,"y":0.9711883068084717,"z":-0.23181559145450593,"w":0.05394119396805763},"size":0.6789568066596985,"orthographic":false}