{"cameraMode":{"drawMode":0,"name":"Shaded","section":"Shading Mode"},"sceneLighting":true,"audioPlay":false,"sceneViewState":{"m_AlwaysRefresh":false,"showFog":true,"showSkybox":true,"showFlares":true,"showImageEffects":true,"showParticleSystems":true,"showVisualEffectGraphs":true,"m_FxEnabled":true},"in2DMode":false,"pivot":{"x":-2.6702165603637697,"y":0.7421662211418152,"z":2.3338916301727297},"rotation":{"x":-0.011463433504104615,"y":-0.9702734351158142,"z":0.23715117573738099,"w":-0.046901874244213107},"size":0.9473754167556763,"orthographic":false}